Ricardo@gmail.com,Ricardo_Vilela,Vilela12
teste@gmail.com,João_Fernando,joaofernando12
hello@fe.up.pt,Manuel_António,manuelantonio12
smokie@hotmail.com,Sara_Manuela,Saramanu12
abel@gmail.com,Abel_Manuel,abelabelabel
antonio@gmail.com,António_Silva,Antonio1
cris@gmail.com,Cristiano_Ronaldo,crisaveiro
fernando@gmail.com,Fernando_Santos,fersantos1
cohen@gmail.com,Gustavo_Cohen,Cohen1234
admin@admin.pt,admin,admin